{
  "IcoMoonType": "selection",
  "icons": [
    {
      "icon": {
        "paths": [
          "M338.738 104.702c-11.998 12.001-18.738 28.277-18.738 45.248s6.74 33.246 18.738 45.248l316.8 316.8-316.8 316.8c-11.658 12.070-18.109 28.239-17.964 45.015 0.146 16.785 6.877 32.836 18.743 44.698 11.866 11.87 27.918 18.603 44.698 18.748s32.947-6.306 45.018-17.963l362.048-362.051c11.998-12.001 18.738-28.277 18.738-45.247s-6.74-33.247-18.738-45.248l-362.048-362.048c-12.002-11.999-28.278-18.738-45.248-18.738s-33.246 6.74-45.248 18.738v0z"
        ],
        "attrs": [],
        "grid": 0,
        "tags": [
          "arrow-right"
        ]
      },
      "attrs": [],
      "properties": {
        "order": 2,
        "id": 0,
        "name": "arrow-right",
        "prevSize": 32
      },
      "setIdx": 0,
      "setId": 2,
      "iconIdx": 0
    }
  ],
  "height": 1024,
  "preferences": {
    "showGlyphs": true,
    "showQuickUse": true,
    "showQuickUse2": true,
    "showSVGs": true,
    "fontPref": {
      "prefix": "icon-",
      "metadata": {
        "fontFamily": "icomoon"
      },
      "metrics": {
        "emSize": 1024,
        "baseline": 6.25,
        "whitespace": 50
      },
      "embed": false
    },
    "imagePref": {
      "prefix": "icon-",
      "png": true,
      "useClassSelector": true,
      "color": 0,
      "bgColor": 16777215,
      "classSelector": ".icon",
      "name": "icomoon"
    },
    "historySize": 50,
    "showCodes": true,
    "gridSize": 16
  }
}